"site_id","url","content_type","published_at","title","source_url","source_date","word_count","duplicate_cluster","similarity_score","index_status","decision","reason","redirect_target","rollback_method","reviewer"
"cowinmotors","https://www.cowinmotors.com/news/eaton-expands-advanced-valve-technology-2773e104","news","2026-08-08T01:01:02.012Z","Eaton Expands Advanced Valve Technology - aftermarket parts sourcing note","https://www.aftermarketnews.com/eaton-livc-technology-commercial-vehicle-engine-programs/","2026-08-07T13:38:32.000Z","229","","","noindex,follow","noindex-follow","Legacy external News retained for audit and editorial review; excluded from public lists and sitemap while noindex.","","Restore indexable flag and public visibility after editorial review.","system-audit"
"cowinmotors","https://www.cowinmotors.com/news/j-038-n-expands-aftermarket-electrical-portfolio-5ce6db11","news","2026-08-08T01:01:01.928Z","J&#038;N Expands Aftermarket Electrical Portfolio - aftermarket parts sourcing note","https://www.counterman.com/j-n-adds-52-aftermarket-electrical-products/","2026-08-07T13:47:59.000Z","245","","","noindex,follow","noindex-follow","Legacy external News retained for audit and editorial review; excluded from public lists and sitemap while noindex.","","Restore indexable flag and public visibility after editorial review.","system-audit"
"cowinmotors","https://www.cowinmotors.com/news/questionable-salvage-bid-ratings-may-push-repairable-vehicles-to-total-los-c4c355e2","news","2026-08-08T01:01:01.680Z","Questionable Salvage Bid Ratings May Push Repairable Vehicles to Total Loss - aftermarket parts sourcing note","https://www.autobodynews.com/regional/midwest-regional-news/questionable-salvage-bid-ratings-may-push-repairable-vehicles-to-total-loss","2026-08-07T18:45:31.000Z","239","","","noindex,follow","noindex-follow","Legacy external News retained for audit and editorial review; excluded from public lists and sitemap while noindex.","","Restore indexable flag and public visibility after editorial review.","system-audit"
"cowinmotors","https://www.cowinmotors.com/news/industry-roundup-certified-collision-group-names-new-cfo-assurity-unveils--d468c9d2","news","2026-08-08T01:01:01.195Z","Industry Roundup: Certified Collision Group Names New CFO, Assurity Unveils AI-Focused Nashville Conference, and More - ","https://www.autobodynews.com/regional/midwest-regional-news/industry-roundup-certified-collision-group-names-new-cfo-assurity-unveils-ai-focused-nashville-conference-and-more","2026-08-07T19:11:26.000Z","246","","","noindex,follow","noindex-follow","Legacy external News retained for audit and editorial review; excluded from public lists and sitemap while noindex.","","Restore indexable flag and public visibility after editorial review.","system-audit"
"cowinmotors","https://www.cowinmotors.com/news/zf-aftermarket-fleet-solutions-earn-award-nominations-952ef979","news","2026-08-07T01:01:05.190Z","ZF Aftermarket Fleet Solutions Earn Award Nominations - aftermarket parts sourcing note","https://www.aftermarketnews.com/zf-aftermarket-automechanika-innovation-awards-2026/","2026-08-06T14:11:38.000Z","225","","","noindex,follow","noindex-follow","Legacy external News retained for audit and editorial review; excluded from public lists and sitemap while noindex.","","Restore indexable flag and public visibility after editorial review.","system-audit"
"cowinmotors","https://www.cowinmotors.com/news/sema-names-brian-pagel-chief-revenue-officer-ca9c9022","news","2026-08-07T01:01:05.109Z","SEMA Names Brian Pagel Chief Revenue Officer - aftermarket parts sourcing note","https://www.aftermarketnews.com/sema-names-brian-pagel-chief-revenue-officer/","2026-08-06T14:40:45.000Z","269","","","noindex,follow","noindex-follow","Legacy external News retained for audit and editorial review; excluded from public lists and sitemap while noindex.","","Restore indexable flag and public visibility after editorial review.","system-audit"
"cowinmotors","https://www.cowinmotors.com/news/gsp-names-miguel-jaime-navarro-aftermarket-product-manager-e9f088ee","news","2026-08-07T01:01:05.051Z","GSP Names Miguel Jaime Navarro Aftermarket Product Manager - aftermarket parts sourcing note","https://www.counterman.com/gsp-names-miguel-jaime-navarro-product-manager/","2026-08-06T15:02:35.000Z","235","","","noindex,follow","noindex-follow","Legacy external News retained for audit and editorial review; excluded from public lists and sitemap while noindex.","","Restore indexable flag and public visibility after editorial review.","system-audit"
"cowinmotors","https://www.cowinmotors.com/news/don-8217-t-overlook-the-valve-stem-765cceec","news","2026-08-07T01:01:04.948Z","Don&#8217;t Overlook the Valve Stem - aftermarket parts sourcing note","https://www.counterman.com/dont-overlook-the-valve-stem/","2026-08-06T19:52:21.000Z","264","","","noindex,follow","noindex-follow","Legacy external News retained for audit and editorial review; excluded from public lists and sitemap while noindex.","","Restore indexable flag and public visibility after editorial review.","system-audit"
"cowinmotors","https://www.cowinmotors.com/news/sun-auto-network-expands-pacific-northwest-presence-f3906b45","news","2026-08-06T01:00:30.429Z","Sun Auto Network expands Pacific Northwest presence - aftermarket parts sourcing note","https://www.aftermarketmatters.com/regions/northwest/sun-auto-network-expands-pacific-northwest-presence/","2026-08-05T16:44:51.000Z","254","","","noindex,follow","noindex-follow","Legacy external News retained for audit and editorial review; excluded from public lists and sitemap while noindex.","","Restore indexable flag and public visibility after editorial review.","system-audit"
"cowinmotors","https://www.cowinmotors.com/news/universal-technical-institute-opens-new-atlanta-campus-51d2e03a","news","2026-08-06T01:00:30.304Z","Universal Technical Institute opens new Atlanta campus - aftermarket parts sourcing note","https://www.aftermarketmatters.com/collision-repair/collision-education-training/universal-technical-institute-opens-new-atlanta-campus/","2026-08-05T16:56:09.000Z","267","","","noindex,follow","noindex-follow","Legacy external News retained for audit and editorial review; excluded from public lists and sitemap while noindex.","","Restore indexable flag and public visibility after editorial review.","system-audit"
"cowinmotors","https://www.cowinmotors.com/news/axalta-akzonobel-shareholders-approve-25-billion-coatings-merger-1fa8dedb","news","2026-08-06T01:00:30.152Z","Axalta, AkzoNobel Shareholders Approve $25 Billion Coatings Merger - aftermarket parts sourcing note","https://www.autobodynews.com/regional/midwest-regional-news/axalta-akzonobel-shareholders-approve-25-billion-coatings-merger","2026-08-05T21:00:32.000Z","246","","","noindex,follow","noindex-follow","Legacy external News retained for audit and editorial review; excluded from public lists and sitemap while noindex.","","Restore indexable flag and public visibility after editorial review.","system-audit"
"cowinmotors","https://www.cowinmotors.com/news/ase-connects-back-to-school-giveaway-win-tools-and-prizes-from-snap-on-f8d62615","news","2026-08-06T01:00:30.048Z","ASE Connects back-to-school giveaway: Win tools and prizes from Snap-on - aftermarket parts sourcing note","https://www.aftermarketmatters.com/collision-repair/collision-education-training/ase-connects-back-to-school-giveaway-win-tools-and-prizes-from-snap-on/","2026-08-05T22:35:16.000Z","274","","","noindex,follow","noindex-follow","Legacy external News retained for audit and editorial review; excluded from public lists and sitemap while noindex.","","Restore indexable flag and public visibility after editorial review.","system-audit"
"cowinmotors","https://www.cowinmotors.com/news/federated-auto-parts-launches-suite-stakes-promotion-695dfb36","news","2026-08-05T01:01:21.809Z","Federated Auto Parts Launches Suite-Stakes Promotion - aftermarket parts sourcing note","https://www.counterman.com/federated-auto-parts-launches-suite-stakes-promotion/","2026-08-04T18:33:44.000Z","250","","","noindex,follow","noindex-follow","Legacy external News retained for audit and editorial review; excluded from public lists and sitemap while noindex.","","Restore indexable flag and public visibility after editorial review.","system-audit"
"cowinmotors","https://www.cowinmotors.com/news/illinois-dealerships-and-ase-connects-partner-to-strengthen-technician-pip-b1fd0c03","news","2026-08-05T01:01:21.725Z","Illinois dealerships and ASE Connects partner to strengthen technician pipeline - aftermarket parts sourcing note","https://www.aftermarketmatters.com/regions/midwest/illinois-dealerships-and-ase-connects-partner-to-strengthen-technician-pipeline/","2026-08-04T19:37:58.000Z","268","","","noindex,follow","noindex-follow","Legacy external News retained for audit and editorial review; excluded from public lists and sitemap while noindex.","","Restore indexable flag and public visibility after editorial review.","system-audit"
"cowinmotors","https://www.cowinmotors.com/news/shop-stack-breakdown-cliff-s-body-repair-in-scotia-n-y-56129037","news","2026-08-05T01:01:21.436Z","Shop Stack Breakdown: Cliff’s Body Repair in Scotia, N.Y. - aftermarket parts sourcing note","https://www.autobodynews.com/regional/midwest-regional-news/shop-stack-breakdown-cliffs-body-repair-in-scotia-n-y","2026-08-04T20:59:05.000Z","230","","","noindex,follow","noindex-follow","Legacy external News retained for audit and editorial review; excluded from public lists and sitemap while noindex.","","Restore indexable flag and public visibility after editorial review.","system-audit"
"cowinmotors","https://www.cowinmotors.com/news/gm-adas-parts-prohibition-lucid-glass-repair-limits-and-ford-escape-steel--3975ff37","news","2026-08-05T01:01:21.278Z","GM ADAS Parts Prohibition, Lucid Glass Repair Limits, and Ford Escape Steel Types - aftermarket parts sourcing note","https://www.autobodynews.com/regional/midwest-regional-news/gm-adas-parts-prohibition-lucid-glass-repair-limits-and-ford-escape-steel-types","2026-08-04T22:06:49.000Z","245","","","noindex,follow","noindex-follow","Legacy external News retained for audit and editorial review; excluded from public lists and sitemap while noindex.","","Restore indexable flag and public visibility after editorial review.","system-audit"
"cowinmotors","https://www.cowinmotors.com/news/perfect-stop-powersports-wraps-up-2026-summer-sweepstakes-7dc66692","news","2026-08-04T01:01:21.703Z","Perfect Stop Powersports Wraps Up 2026 Summer Sweepstakes - aftermarket parts sourcing note","https://www.counterman.com/perfect-stop-sweepstakes-winners/","2026-08-03T16:38:16.000Z","256","","","noindex,follow","noindex-follow","Legacy external News retained for audit and editorial review; excluded from public lists and sitemap while noindex.","","Restore indexable flag and public visibility after editorial review.","system-audit"
"cowinmotors","https://www.cowinmotors.com/news/collision-repair-education-foundation-announces-2026-scholarship-winners-851ace77","news","2026-08-04T01:01:21.618Z","Collision Repair Education Foundation announces 2026 scholarship winners - aftermarket parts sourcing note","https://www.aftermarketmatters.com/collision-repair/collision-education-training/collision-repair-education-foundation-announces-2026-scholarship-winners/","2026-08-03T17:06:19.000Z","285","","","noindex,follow","noindex-follow","Legacy external News retained for audit and editorial review; excluded from public lists and sitemap while noindex.","","Restore indexable flag and public visibility after editorial review.","system-audit"
"cowinmotors","https://www.cowinmotors.com/news/the-advocate-documentation-before-the-dispute-a4b5abd7","news","2026-08-04T01:01:20.260Z","The Advocate: Documentation Before the Dispute - aftermarket parts sourcing note","https://www.autobodynews.com/regional/midwest-regional-news/the-advocate-documentation-before-the-dispute","2026-08-03T21:01:12.000Z","229","","","noindex,follow","noindex-follow","Legacy external News retained for audit and editorial review; excluded from public lists and sitemap while noindex.","","Restore indexable flag and public visibility after editorial review.","system-audit"
"cowinmotors","https://www.cowinmotors.com/news/mitchell-1-adds-new-file-attachment-feature-to-manager-se-031898b2","news","2026-08-04T01:01:20.130Z","Mitchell 1 adds new file attachment feature to Manager SE - aftermarket parts sourcing note","https://www.aftermarketmatters.com/mechanical-repair/mechanical-product-news/mitchell-1-adds-new-file-attachment-feature-to-manager-se/","2026-08-03T22:07:22.000Z","277","","","noindex,follow","noindex-follow","Legacy external News retained for audit and editorial review; excluded from public lists and sitemap while noindex.","","Restore indexable flag and public visibility after editorial review.","system-audit"
"cowinmotors","https://www.cowinmotors.com/news/bosch-releases-ads-x-software-updates-8fd501be","news","2026-08-03T01:00:30.001Z","Bosch Releases ADS X Software Updates - aftermarket parts sourcing note","https://www.aftermarketnews.com/bosch-releases-ads-x-software-updates/","2026-07-31T11:15:00.000Z","239","","","noindex,follow","noindex-follow","Legacy external News retained for audit and editorial review; excluded from public lists and sitemap while noindex.","","Restore indexable flag and public visibility after editorial review.","system-audit"
"cowinmotors","https://www.cowinmotors.com/news/big-brand-tire-038-service-acquires-waukegan-tire-283c77aa","news","2026-08-03T01:00:29.923Z","Big Brand Tire &#038; Service Acquires Waukegan Tire - aftermarket parts sourcing note","https://www.aftermarketnews.com/waukegan-tire-acquisition-big-brand-tire/","2026-07-31T11:25:00.000Z","261","","","noindex,follow","noindex-follow","Legacy external News retained for audit and editorial review; excluded from public lists and sitemap while noindex.","","Restore indexable flag and public visibility after editorial review.","system-audit"
"cowinmotors","https://www.cowinmotors.com/news/goodyear-earns-cdp-supplier-engagement-8216-a-8217-score-97b728f5","news","2026-08-03T01:00:29.815Z","Goodyear Earns CDP Supplier Engagement &#8216;A&#8217; Score - aftermarket parts sourcing note","https://www.aftermarketnews.com/goodyear-earns-cdp-supplier-engagement-a-score/","2026-07-31T11:59:03.000Z","252","","","noindex,follow","noindex-follow","Legacy external News retained for audit and editorial review; excluded from public lists and sitemap while noindex.","","Restore indexable flag and public visibility after editorial review.","system-audit"
"cowinmotors","https://www.cowinmotors.com/news/russom-s-carstar-collision-hosts-nabc-f-r-e-e-event-f252778b","news","2026-08-02T01:01:30.766Z","Russom’s CARSTAR Collision Hosts NABC F.R.E.E. Event - aftermarket parts sourcing note","https://www.bodyshopbusiness.com/russoms-carstar-collision-travelers-and-local-first-responders-help-make-mid-south-drivers-safer-on-the-road-through-national-auto-body-council-first-responder-emergency-extrication-f/","2026-07-31T12:00:00.000Z","272","","","noindex,follow","noindex-follow","Legacy external News retained for audit and editorial review; excluded from public lists and sitemap while noindex.","","Restore indexable flag and public visibility after editorial review.","system-audit"
"cowinmotors","https://www.cowinmotors.com/news/timken-announces-new-executive-leadership-roles-f78b13ca","news","2026-08-02T01:01:30.701Z","Timken Announces New Executive Leadership Roles - aftermarket parts sourcing note","https://www.aftermarketnews.com/timken-announces-key-leadership-appointments/","2026-07-31T12:00:41.000Z","256","","","noindex,follow","noindex-follow","Legacy external News retained for audit and editorial review; excluded from public lists and sitemap while noindex.","","Restore indexable flag and public visibility after editorial review.","system-audit"
"cowinmotors","https://www.cowinmotors.com/news/borgwarner-appoints-rajesh-kalathur-to-board-of-directors-15ed1eef","news","2026-08-02T01:01:30.639Z","BorgWarner Appoints Rajesh Kalathur to Board of Directors - aftermarket parts sourcing note","https://www.aftermarketnews.com/borgwarner-appoints-rajesh-kalathur-to-its-board-of-directors/","2026-07-31T12:06:44.000Z","226","","","noindex,follow","noindex-follow","Legacy external News retained for audit and editorial review; excluded from public lists and sitemap while noindex.","","Restore indexable flag and public visibility after editorial review.","system-audit"
"cowinmotors","https://www.cowinmotors.com/news/aumovio-announces-future-mobility-partnership-8e7d6c4f","news","2026-08-02T01:01:30.533Z","AUMOVIO Announces Future Mobility Partnership - aftermarket parts sourcing note","https://www.aftermarketnews.com/aumovio-expands-brake-technology-partnership/","2026-07-31T13:12:16.000Z","255","","","noindex,follow","noindex-follow","Legacy external News retained for audit and editorial review; excluded from public lists and sitemap while noindex.","","Restore indexable flag and public visibility after editorial review.","system-audit"
"cowinmotors","https://www.cowinmotors.com/news/nabc-donates-recycled-ride-to-indianapolis-woman-at-speedway-07d08d4f","news","2026-08-01T01:01:24.974Z","NABC Donates Recycled Ride to Indianapolis Woman at Speedway - aftermarket parts sourcing note","https://www.bodyshopbusiness.com/indianapolis-young-woman-in-need-receives-refurbished-vehicle-at-indianapolis-motor-speedway-as-part-of-the-nabc-recycled-rides-program/","2026-07-31T14:00:00.000Z","277","","","noindex,follow","noindex-follow","Legacy external News retained for audit and editorial review; excluded from public lists and sitemap while noindex.","","Restore indexable flag and public visibility after editorial review.","system-audit"
"cowinmotors","https://www.cowinmotors.com/news/mahle-begins-battery-cooling-plate-production-in-spain-a3d7e1ab","news","2026-08-01T01:01:24.909Z","MAHLE Begins Battery Cooling Plate Production in Spain - aftermarket parts sourcing note","https://www.aftermarketnews.com/mahle-battery-cooling-plate-production-spain/","2026-07-31T14:18:35.000Z","262","","","noindex,follow","noindex-follow","Legacy external News retained for audit and editorial review; excluded from public lists and sitemap while noindex.","","Restore indexable flag and public visibility after editorial review.","system-audit"
"cowinmotors","https://www.cowinmotors.com/news/lkq-north-america-returns-to-growth-as-alternative-parts-usage-hits-record-5ac8f117","news","2026-08-01T01:01:24.658Z","LKQ North America Returns to Growth as Alternative Parts Usage Hits Record High - aftermarket parts sourcing note","https://www.autobodynews.com/regional/midwest-regional-news/lkq-north-america-returns-to-growth-as-alternative-parts-usage-hits-record-high","2026-07-31T19:47:24.000Z","238","","","noindex,follow","noindex-follow","Legacy external News retained for audit and editorial review; excluded from public lists and sitemap while noindex.","","Restore indexable flag and public visibility after editorial review.","system-audit"
"cowinmotors","https://www.cowinmotors.com/news/industry-roundup-fort-worth-isd-earns-full-ase-accreditation-procolor-coll-0857acf4","news","2026-08-01T01:01:24.530Z","Industry Roundup: Fort Worth ISD Earns Full ASE Accreditation, ProColor Collision Expands in California, and More - afte","https://www.autobodynews.com/regional/midwest-regional-news/industry-roundup-fort-worth-isd-earns-full-ase-accreditation-procolor-collision-expands-in-california-and-more","2026-07-31T20:03:36.000Z","237","","","noindex,follow","noindex-follow","Legacy external News retained for audit and editorial review; excluded from public lists and sitemap while noindex.","","Restore indexable flag and public visibility after editorial review.","system-audit"
"cowinmotors","https://www.cowinmotors.com/news/challenger-lifts-introduces-adapter-cart-for-accessory-storage-820f2720","news","2026-07-31T01:00:33.633Z","Challenger Lifts Introduces Adapter Cart for Accessory Storage - aftermarket parts sourcing note","https://www.bodyshopbusiness.com/challenger-lifts-adapter-cart-provides-a-mobile-storage-solution-for-essential-lift-accessories/","2026-07-30T12:57:46.000Z","257","","","noindex,follow","noindex-follow","Legacy external News retained for audit and editorial review; excluded from public lists and sitemap while noindex.","","Restore indexable flag and public visibility after editorial review.","system-audit"
"cowinmotors","https://www.cowinmotors.com/news/shippers-conditions-index-improves-slightly-in-may-015e34bb","news","2026-07-31T01:00:33.557Z","Shippers Conditions Index Improves Slightly in May - aftermarket parts sourcing note","https://www.aftermarketnews.com/ftr-shippers-conditions-index-may-2026/","2026-07-30T13:56:42.000Z","257","","","noindex,follow","noindex-follow","Legacy external News retained for audit and editorial review; excluded from public lists and sitemap while noindex.","","Restore indexable flag and public visibility after editorial review.","system-audit"
"cowinmotors","https://www.cowinmotors.com/news/uaf-recognizes-volunteer-scholarship-reviewers-ade2a9ea","news","2026-07-31T01:00:33.387Z","UAF Recognizes Volunteer Scholarship Reviewers - aftermarket parts sourcing note","https://www.bodyshopbusiness.com/uaf-recognizes-volunteer-scholarship-reviewers/","2026-07-30T14:00:00.000Z","262","","","noindex,follow","noindex-follow","Legacy external News retained for audit and editorial review; excluded from public lists and sitemap while noindex.","","Restore indexable flag and public visibility after editorial review.","system-audit"
"cowinmotors","https://www.cowinmotors.com/news/bosch-diagnostics-expands-mercedes-benz-secure-access-and-2026-vehicle-cov-cc5821a0","news","2026-07-31T01:00:33.280Z","Bosch Diagnostics expands Mercedes-Benz secure access and 2026 vehicle coverage - aftermarket parts sourcing note","https://www.aftermarketmatters.com/collision-repair/collision-product-news/bosch-diagnostics-expands-mercedes-benz-secure-access-and-2026-vehicle-coverage/","2026-07-30T18:30:36.000Z","269","","","noindex,follow","noindex-follow","Legacy external News retained for audit and editorial review; excluded from public lists and sitemap while noindex.","","Restore indexable flag and public visibility after editorial review.","system-audit"
"cowinmotors","https://www.cowinmotors.com/news/new-adapter-cart-provides-mobile-storage-for-essential-lift-accessories-30f8a210","news","2026-07-30T01:00:36.878Z","New Adapter Cart provides mobile storage for essential lift accessories - aftermarket parts sourcing note","https://www.aftermarketmatters.com/mechanical-repair/mechanical-product-news/new-adapter-cart-provides-mobile-storage-for-essential-lift-accessories/","2026-07-29T16:06:35.000Z","261","","","noindex,follow","noindex-follow","Legacy external News retained for audit and editorial review; excluded from public lists and sitemap while noindex.","","Restore indexable flag and public visibility after editorial review.","system-audit"
"cowinmotors","https://www.cowinmotors.com/news/new-diesel-emissions-requirements-and-the-parts-pipeline-dd352951","news","2026-07-30T01:00:36.777Z","New Diesel Emissions Requirements and the Parts Pipeline - aftermarket parts sourcing note","https://www.counterman.com/new-diesel-emissions-requirements-and-the-parts-pipeline/","2026-07-29T17:09:33.000Z","256","","","noindex,follow","noindex-follow","Legacy external News retained for audit and editorial review; excluded from public lists and sitemap while noindex.","","Restore indexable flag and public visibility after editorial review.","system-audit"
"cowinmotors","https://www.cowinmotors.com/news/tirevio-tpms-sensors-support-aftermarket-service-e81080e9","news","2026-07-30T01:00:36.694Z","Tirevio TPMS Sensors Support Aftermarket Service - aftermarket parts sourcing note","https://www.counterman.com/tirevio-tpms-sensors-aftermarket-service/","2026-07-29T17:14:50.000Z","257","","","noindex,follow","noindex-follow","Legacy external News retained for audit and editorial review; excluded from public lists and sitemap while noindex.","","Restore indexable flag and public visibility after editorial review.","system-audit"
"cowinmotors","https://www.cowinmotors.com/news/myth-vs-reality-ev-fires-versus-internal-combustion-engine-fires-be0b0182","news","2026-07-30T01:00:36.567Z","Myth vs. Reality: EV fires versus internal combustion engine fires - aftermarket parts sourcing note","https://www.aftermarketmatters.com/mechanical-repair/myth-vs-reality-ev-fires-versus-internal-combustion-engine-fires/","2026-07-29T18:01:36.000Z","230","","","noindex,follow","noindex-follow","Legacy external News retained for audit and editorial review; excluded from public lists and sitemap while noindex.","","Restore indexable flag and public visibility after editorial review.","system-audit"
"cowinmotors","https://www.cowinmotors.com/news/the-road-ahead-redefining-competitive-advantage-1ba874e4","news","2026-07-29T01:01:33.820Z","The Road Ahead: Redefining Competitive Advantage - aftermarket parts sourcing note","https://www.aftermarketnews.com/the-road-ahead-redefining-competitive-advantage/","2026-07-28T15:00:28.000Z","244","","","noindex,follow","noindex-follow","Legacy external News retained for audit and editorial review; excluded from public lists and sitemap while noindex.","","Restore indexable flag and public visibility after editorial review.","system-audit"
"cowinmotors","https://www.cowinmotors.com/news/axalta-reports-record-adjusted-earnings-in-second-quarter-as-refinish-sale-9455e4c3","news","2026-07-29T01:01:33.574Z","Axalta Reports Record Adjusted Earnings in Second Quarter as Refinish Sales Rise 6% - aftermarket parts sourcing note","https://www.autobodynews.com/regional/midwest-regional-news/axalta-reports-record-adjusted-earnings-in-second-quarter-as-refinish-sales-rise-6","2026-07-28T20:16:11.000Z","239","","","noindex,follow","noindex-follow","Legacy external News retained for audit and editorial review; excluded from public lists and sitemap while noindex.","","Restore indexable flag and public visibility after editorial review.","system-audit"
"cowinmotors","https://www.cowinmotors.com/news/shop-stack-breakdown-johnson-auto-body-in-knightdale-n-c-13aed492","news","2026-07-29T01:01:33.448Z","Shop Stack Breakdown: Johnson Auto Body in Knightdale, N.C. - aftermarket parts sourcing note","https://www.autobodynews.com/regional/midwest-regional-news/shop-stack-breakdown-johnson-auto-body-in-knightdale-n-c","2026-07-28T20:59:04.000Z","232","","","noindex,follow","noindex-follow","Legacy external News retained for audit and editorial review; excluded from public lists and sitemap while noindex.","","Restore indexable flag and public visibility after editorial review.","system-audit"
"cowinmotors","https://www.cowinmotors.com/news/piston-foundation-doubles-scholarships-for-future-collector-car-techs-540ae077","news","2026-07-29T01:01:33.332Z","Piston Foundation doubles scholarships for future collector car techs - aftermarket parts sourcing note","https://www.aftermarketmatters.com/collision-repair/collision-education-training/piston-foundation-doubles-scholarships-for-future-collector-car-techs/","2026-07-28T23:33:15.000Z","268","","","noindex,follow","noindex-follow","Legacy external News retained for audit and editorial review; excluded from public lists and sitemap while noindex.","","Restore indexable flag and public visibility after editorial review.","system-audit"
"cowinmotors","https://www.cowinmotors.com/news/nabc-donates-recycled-ride-to-u-s-army-national-guardsman-7ced8a9e","news","2026-07-28T01:00:47.347Z","NABC Donates Recycled Ride to U.S. Army National Guardsman - aftermarket parts sourcing note","https://www.aftermarketnews.com/nabc-donates-recycled-ride-to-u-s-army-national-guardsman/","2026-07-27T13:07:24.000Z","264","","","noindex,follow","noindex-follow","Legacy external News retained for audit and editorial review; excluded from public lists and sitemap while noindex.","","Restore indexable flag and public visibility after editorial review.","system-audit"
"cowinmotors","https://www.cowinmotors.com/news/new-martin-wheel-plant-boosts-wheel-output-50-2d14613f","news","2026-07-28T01:00:47.263Z","New Martin Wheel Plant Boosts Wheel Output 50% - aftermarket parts sourcing note","https://www.aftermarketnews.com/new-martin-wheel-plant-boosts-wheel-output-50/","2026-07-27T14:37:11.000Z","251","","","noindex,follow","noindex-follow","Legacy external News retained for audit and editorial review; excluded from public lists and sitemap while noindex.","","Restore indexable flag and public visibility after editorial review.","system-audit"
"cowinmotors","https://www.cowinmotors.com/news/missing-pieces-thinking-critically-6567911c","news","2026-07-28T01:00:47.193Z","Missing Pieces: Thinking Critically - aftermarket parts sourcing note","https://www.counterman.com/missing-pieces-thinking-critically/","2026-07-27T18:35:48.000Z","252","","","noindex,follow","noindex-follow","Legacy external News retained for audit and editorial review; excluded from public lists and sitemap while noindex.","","Restore indexable flag and public visibility after editorial review.","system-audit"
"cowinmotors","https://www.cowinmotors.com/news/adapting-to-adas-6dcc1a8d","news","2026-07-28T01:00:46.988Z","Adapting to ADAS - aftermarket parts sourcing note","https://www.counterman.com/adapting-to-adas/","2026-07-27T18:40:48.000Z","270","","","noindex,follow","noindex-follow","Legacy external News retained for audit and editorial review; excluded from public lists and sitemap while noindex.","","Restore indexable flag and public visibility after editorial review.","system-audit"
"cowinmotors","https://www.cowinmotors.com/news/bmw-and-mini-require-oem-headlamp-windshield-replacements-for-proper-adas--1aadce00","news","2026-07-27T01:00:48.702Z","BMW and MINI require OEM headlamp, windshield replacements for proper ADAS function - aftermarket parts sourcing note","https://www.repairerdrivennews.com/2026/07/24/bmw-and-mini-require-oem-headlamp-windshield-replacements-for-proper-adas-function/","2026-07-24T10:15:13.000Z","255","","","noindex,follow","noindex-follow","Legacy external News retained for audit and editorial review; excluded from public lists and sitemap while noindex.","","Restore indexable flag and public visibility after editorial review.","system-audit"
"cowinmotors","https://www.cowinmotors.com/news/cif-other-industry-organizations-raising-money-for-severely-injured-techni-fea03cd1","news","2026-07-27T01:00:48.632Z","CIF, other industry organizations raising money for severely injured technician and family - aftermarket parts sourcing ","https://www.repairerdrivennews.com/2026/07/24/cif-other-industry-organizations-raising-money-for-severely-injured-technician-and-family/","2026-07-24T10:30:44.000Z","247","","","noindex,follow","noindex-follow","Legacy external News retained for audit and editorial review; excluded from public lists and sitemap while noindex.","","Restore indexable flag and public visibility after editorial review.","system-audit"
"cowinmotors","https://www.cowinmotors.com/news/scrs-announces-student-loan-navigator-benefit-for-members-b7af8b17","news","2026-07-27T01:00:48.567Z","SCRS announces student loan navigator benefit for members - aftermarket parts sourcing note","https://www.repairerdrivennews.com/2026/07/24/scrs-announces-student-loan-navigator-benefit-for-members/","2026-07-24T10:45:00.000Z","244","","","noindex,follow","noindex-follow","Legacy external News retained for audit and editorial review; excluded from public lists and sitemap while noindex.","","Restore indexable flag and public visibility after editorial review.","system-audit"
"cowinmotors","https://www.cowinmotors.com/news/anchor-releases-ford-classic-vehicle-coverage-2f490cca","news","2026-07-27T01:00:48.451Z","Anchor Releases Ford Classic Vehicle Coverage - aftermarket parts sourcing note","https://www.aftermarketnews.com/anchor-releases-ford-classic-vehicle-coverage/","2026-07-24T11:00:00.000Z","253","","","noindex,follow","noindex-follow","Legacy external News retained for audit and editorial review; excluded from public lists and sitemap while noindex.","","Restore indexable flag and public visibility after editorial review.","system-audit"
"cowinmotors","https://www.cowinmotors.com/news/distribution-update-napa-687b24da","news","2026-07-26T01:00:47.379Z","Distribution Update: NAPA - aftermarket parts sourcing note","https://www.aftermarketnews.com/distribution-update-napa/","2026-07-24T12:00:00.000Z","221","","","noindex,follow","noindex-follow","Legacy external News retained for audit and editorial review; excluded from public lists and sitemap while noindex.","","Restore indexable flag and public visibility after editorial review.","system-audit"
"cowinmotors","https://www.cowinmotors.com/news/mema-top-suppliers-2027-directory-open-for-submissions-8afffb45","news","2026-07-26T01:00:47.314Z","MEMA Top Suppliers 2027 Directory Open for Submissions - aftermarket parts sourcing note","https://www.aftermarketnews.com/2027-mema-top-suppliers-listing-open-for-submissions/","2026-07-24T12:00:00.000Z","273","","","noindex,follow","noindex-follow","Legacy external News retained for audit and editorial review; excluded from public lists and sitemap while noindex.","","Restore indexable flag and public visibility after editorial review.","system-audit"
"cowinmotors","https://www.cowinmotors.com/news/valvoline-names-two-new-board-members-a9de1a58","news","2026-07-26T01:00:47.242Z","Valvoline Names Two New Board Members - aftermarket parts sourcing note","https://www.aftermarketnews.com/valvoline-names-two-new-board-members/","2026-07-24T12:20:27.000Z","252","","","noindex,follow","noindex-follow","Legacy external News retained for audit and editorial review; excluded from public lists and sitemap while noindex.","","Restore indexable flag and public visibility after editorial review.","system-audit"
"cowinmotors","https://www.cowinmotors.com/news/catalog-data-the-foundation-of-every-sale-64c05cc3","news","2026-07-26T01:00:47.119Z","Catalog Data: The Foundation of Every Sale - aftermarket parts sourcing note","https://www.aftermarketnews.com/catalog-data-drives-every-parts-sale/","2026-07-24T12:22:41.000Z","249","","","noindex,follow","noindex-follow","Legacy external News retained for audit and editorial review; excluded from public lists and sitemap while noindex.","","Restore indexable flag and public visibility after editorial review.","system-audit"
"cowinmotors","https://www.cowinmotors.com/news/nabc-donates-recycled-ride-to-u-s-army-national-guardsman-9f549a45","news","2026-07-25T01:00:49.006Z","NABC Donates Recycled Ride to U.S. Army National Guardsman - aftermarket parts sourcing note","https://www.bodyshopbusiness.com/chicago-national-guardsman-receives-refurbished-vehicle-thanks-to-geico-crash-champions-and-the-nabc-recycled-rides-program/","2026-07-24T14:00:00.000Z","266","","","noindex,follow","noindex-follow","Legacy external News retained for audit and editorial review; excluded from public lists and sitemap while noindex.","","Restore indexable flag and public visibility after editorial review.","system-audit"
"cowinmotors","https://www.cowinmotors.com/news/nokian-names-tiina-frazer-brand-marketing-svp-82f66278","news","2026-07-25T01:00:48.914Z","Nokian Names Tiina Frazer Brand, Marketing SVP - aftermarket parts sourcing note","https://www.aftermarketnews.com/tiina-frazer-nokian-tyres-marketing/","2026-07-24T14:03:18.000Z","246","","","noindex,follow","noindex-follow","Legacy external News retained for audit and editorial review; excluded from public lists and sitemap while noindex.","","Restore indexable flag and public visibility after editorial review.","system-audit"
"cowinmotors","https://www.cowinmotors.com/news/cca-to-host-speed-to-succeed-fundraiser-for-collision-students-dfcdd88e","news","2026-07-25T01:00:48.822Z","CCA to Host Speed to Succeed Fundraiser for Collision Students - aftermarket parts sourcing note","https://www.bodyshopbusiness.com/speed-to-succeed-returns-to-help-launch-the-next-generation-of-collision-repair-technicians/","2026-07-24T16:00:00.000Z","274","","","noindex,follow","noindex-follow","Legacy external News retained for audit and editorial review; excluded from public lists and sitemap while noindex.","","Restore indexable flag and public visibility after editorial review.","system-audit"
"cowinmotors","https://www.cowinmotors.com/news/collision-repair-wages-rose-3-2-in-fourth-quarter-as-industry-employment-f-f151d48c","news","2026-07-25T01:00:48.673Z","Collision Repair Wages Rose 3.2% in Fourth Quarter as Industry Employment Fell, BLS Data Shows - aftermarket parts sourc","https://www.autobodynews.com/regional/midwest-regional-news/collision-repair-wages-rose-3-2-in-fourth-quarter-as-industry-employment-fell-bls-data-show","2026-07-24T21:32:26.000Z","247","","","noindex,follow","noindex-follow","Legacy external News retained for audit and editorial review; excluded from public lists and sitemap while noindex.","","Restore indexable flag and public visibility after editorial review.","system-audit"
"cowinmotors","https://www.cowinmotors.com/news/ccc-intelligent-solutions-adds-autel-to-diagnostics-network-ad3e1efa","news","2026-07-24T01:01:38.077Z","CCC Intelligent Solutions Adds Autel to Diagnostics Network - aftermarket parts sourcing note","https://www.aftermarketnews.com/ccc-autel-diagnostics-network/","2026-07-23T13:36:13.000Z","261","","","noindex,follow","noindex-follow","Legacy external News retained for audit and editorial review; excluded from public lists and sitemap while noindex.","","Restore indexable flag and public visibility after editorial review.","system-audit"
"cowinmotors","https://www.cowinmotors.com/news/kirmac-collision-038-autoglass-expands-in-british-columbia-d4f84ebd","news","2026-07-24T01:01:37.996Z","Kirmac Collision &#038; Autoglass Expands in British Columbia - aftermarket parts sourcing note","https://www.bodyshopbusiness.com/kirmac-collision-autoglass-brings-its-collision-and-glass-services-to-penticton/","2026-07-23T13:53:12.000Z","244","","","noindex,follow","noindex-follow","Legacy external News retained for audit and editorial review; excluded from public lists and sitemap while noindex.","","Restore indexable flag and public visibility after editorial review.","system-audit"
"cowinmotors","https://www.cowinmotors.com/news/frame-by-frame-how-heidi-mcdaniel-turned-a-bookkeeping-side-job-into-a-fam-57340dca","news","2026-07-24T01:01:37.739Z","Frame by Frame: How Heidi McDaniel Turned a Bookkeeping Side Job Into a Family Legacy - aftermarket parts sourcing note","https://www.autobodynews.com/regional/midwest-regional-news/frame-by-frame-how-heidi-mcdaniel-turned-a-bookkeeping-side-job-into-a-family-legacy","2026-07-23T20:04:49.000Z","265","","","noindex,follow","noindex-follow","Legacy external News retained for audit and editorial review; excluded from public lists and sitemap while noindex.","","Restore indexable flag and public visibility after editorial review.","system-audit"
"cowinmotors","https://www.cowinmotors.com/news/wholesale-used-vehicle-values-post-first-monthly-decline-since-spring-rebo-5ba6d170","news","2026-07-24T01:01:37.590Z","Wholesale Used-Vehicle Values Post First Monthly Decline Since Spring Rebound as EV Share Hits a Record - aftermarket pa","https://www.autobodynews.com/regional/midwest-regional-news/wholesale-used-vehicle-values-post-first-monthly-decline-since-spring-rebound-as-ev-share-hits-a-record","2026-07-23T22:21:38.000Z","218","","","noindex,follow","noindex-follow","Legacy external News retained for audit and editorial review; excluded from public lists and sitemap while noindex.","","Restore indexable flag and public visibility after editorial review.","system-audit"
"cowinmotors","https://www.cowinmotors.com/news/vehicle-age-differences-affect-key-aftermarket-sectors-590eca2a","news","2026-07-23T01:01:15.954Z","Vehicle age differences affect key aftermarket sectors - aftermarket parts sourcing note","https://www.aftermarketmatters.com/national-news/vehicle-age-differences-affects-key-aftermarket-sectors/","2026-07-22T14:29:49.000Z","266","","","noindex,follow","noindex-follow","Legacy external News retained for audit and editorial review; excluded from public lists and sitemap while noindex.","","Restore indexable flag and public visibility after editorial review.","system-audit"
"cowinmotors","https://www.cowinmotors.com/news/ccc-intelligent-solutions-adds-autel-to-diagnostics-network-26bfd9be","news","2026-07-23T01:01:14.421Z","CCC Intelligent Solutions Adds Autel to Diagnostics Network - aftermarket parts sourcing note","https://www.bodyshopbusiness.com/ccc-intelligent-solutions-adds-autel-to-diagnostics-network/","2026-07-22T15:00:00.000Z","263","","","noindex,follow","noindex-follow","Legacy external News retained for audit and editorial review; excluded from public lists and sitemap while noindex.","","Restore indexable flag and public visibility after editorial review.","system-audit"
"cowinmotors","https://www.cowinmotors.com/news/topdon-usa-announces-partnership-with-solera-to-integrate-identifix-direct-b49d31d8","news","2026-07-23T01:01:14.336Z","TOPDON USA announces partnership with Solera to integrate Identifix Direct-Hit - aftermarket parts sourcing note","https://www.aftermarketmatters.com/mechanical-repair/mechanical-product-news/topdon-usa-announces-partnership-with-solera-to-integrate-identifix-direct-hit/","2026-07-22T16:12:54.000Z","268","","","noindex,follow","noindex-follow","Legacy external News retained for audit and editorial review; excluded from public lists and sitemap while noindex.","","Restore indexable flag and public visibility after editorial review.","system-audit"
"cowinmotors","https://www.cowinmotors.com/news/bca-bearings-expands-coverage-with-17-new-parts-a546651c","news","2026-07-23T01:01:14.132Z","BCA Bearings Expands Coverage With 17 New Parts - aftermarket parts sourcing note","https://www.counterman.com/bca-bearings-expands-coverage-with-17-new-parts/","2026-07-22T17:26:46.000Z","263","","","noindex,follow","noindex-follow","Legacy external News retained for audit and editorial review; excluded from public lists and sitemap while noindex.","","Restore indexable flag and public visibility after editorial review.","system-audit"
"cowinmotors","https://www.cowinmotors.com/news/aaa-recognizes-2026-best-in-repair-and-service-providers-e67da9ba","news","2026-07-22T01:00:54.439Z","AAA recognizes 2026 best in repair and service providers - aftermarket parts sourcing note","https://www.aftermarketmatters.com/national-news/aaa-recognizes-2026-best-in-repair-and-service-providers/","2026-07-21T20:52:37.000Z","264","","","noindex,follow","noindex-follow","Legacy external News retained for audit and editorial review; excluded from public lists and sitemap while noindex.","","Restore indexable flag and public visibility after editorial review.","system-audit"
"cowinmotors","https://www.cowinmotors.com/news/enter-to-win-i-car-launches-platinum-experience-sema-trip-giveaway-c72fc7e5","news","2026-07-22T01:00:53.184Z","Enter to Win: I-CAR launches Platinum Experience SEMA Trip Giveaway - aftermarket parts sourcing note","https://www.aftermarketmatters.com/collision-repair/enter-to-win-i-car-launches-platinum-experience-sema-trip-giveaway/","2026-07-21T21:15:40.000Z","267","","","noindex,follow","noindex-follow","Legacy external News retained for audit and editorial review; excluded from public lists and sitemap while noindex.","","Restore indexable flag and public visibility after editorial review.","system-audit"
"cowinmotors","https://www.cowinmotors.com/news/gold-eagle-company-brings-former-mema-leader-to-advisory-board-ed65fae5","news","2026-07-22T01:00:52.029Z","Gold Eagle Company brings former MEMA leader to advisory board - aftermarket parts sourcing note","https://www.aftermarketmatters.com/mechanical-repair/gold-eagle-company-brings-former-mema-leader-to-advisory-board/","2026-07-21T21:48:42.000Z","262","","","noindex,follow","noindex-follow","Legacy external News retained for audit and editorial review; excluded from public lists and sitemap while noindex.","","Restore indexable flag and public visibility after editorial review.","system-audit"
"cowinmotors","https://www.cowinmotors.com/news/gov-newsom-secures-13-automakers-to-offer-instant-rebates-for-first-time-z-868a2b92","news","2026-07-22T01:00:51.855Z","Gov. Newsom secures 13 automakers to offer instant rebates for first-time ZEV buyers - aftermarket parts sourcing note","https://www.aftermarketmatters.com/regions/northern-california/gov-newsom-secures-13-automakers-to-offer-instant-rebates-for-first-time-zev-buyers/","2026-07-21T22:11:21.000Z","259","","","noindex,follow","noindex-follow","Legacy external News retained for audit and editorial review; excluded from public lists and sitemap while noindex.","","Restore indexable flag and public visibility after editorial review.","system-audit"
"cowinmotors","https://www.cowinmotors.com/news/new-packaging-requirements-could-affect-automotive-manufacturers-a444029c","news","2026-07-21T01:01:39.325Z","New packaging requirements could affect automotive manufacturers - aftermarket parts sourcing note","https://www.aftermarketmatters.com/regions/northern-california/new-packaging-requirements-could-affect-automotive-manufacturers/","2026-07-20T14:56:21.000Z","242","","","noindex,follow","noindex-follow","Legacy external News retained for audit and editorial review; excluded from public lists and sitemap while noindex.","","Restore indexable flag and public visibility after editorial review.","system-audit"
"cowinmotors","https://www.cowinmotors.com/news/aam-group-adds-deatschwerks-as-supplier-partner-ff565a88","news","2026-07-21T01:01:39.197Z","AAM Group Adds DeatschWerks as Supplier Partner - aftermarket parts sourcing note","https://www.counterman.com/deatschwerks-added-to-aam-group-line-card/","2026-07-20T15:08:10.000Z","245","","","noindex,follow","noindex-follow","Legacy external News retained for audit and editorial review; excluded from public lists and sitemap while noindex.","","Restore indexable flag and public visibility after editorial review.","system-audit"
"cowinmotors","https://www.cowinmotors.com/news/snap-on-adds-apollo-gen-4-scan-tool-training-videos-to-youtube-3f1521bd","news","2026-07-21T01:01:39.028Z","Snap-on Adds APOLLO Gen 4 Scan Tool Training Videos to YouTube - aftermarket parts sourcing note","https://www.aftermarketmatters.com/product-news/snap-on-adds-apollo-gen-4-scan-tool-training-videos-to-youtube/","2026-07-20T17:06:23.000Z","283","","","noindex,follow","noindex-follow","Legacy external News retained for audit and editorial review; excluded from public lists and sitemap while noindex.","","Restore indexable flag and public visibility after editorial review.","system-audit"
"cowinmotors","https://www.cowinmotors.com/news/the-advocate-center-collision-in-tacoma-wash-3596c7e8","news","2026-07-21T01:01:37.068Z","The Advocate: Center Collision in Tacoma, Wash. - aftermarket parts sourcing note","https://www.autobodynews.com/regional/midwest-regional-news/the-advocate-center-collision-in-tacoma-wash","2026-07-20T20:06:55.000Z","249","","","noindex,follow","noindex-follow","Legacy external News retained for audit and editorial review; excluded from public lists and sitemap while noindex.","","Restore indexable flag and public visibility after editorial review.","system-audit"
"cowinmotors","https://www.cowinmotors.com/news/autologue-announces-re-birth-of-partswatch-c2a05e84","news","2026-07-19T01:01:46.686Z","Autologue Announces Re-Birth of PartsWatch - aftermarket parts sourcing note","https://www.counterman.com/autologue-announces-re-birth-of-partswatch/","2026-07-16T13:15:29.000Z","233","","","noindex,follow","noindex-follow","Legacy external News retained for audit and editorial review; excluded from public lists and sitemap while noindex.","","Restore indexable flag and public visibility after editorial review.","system-audit"
"cowinmotors","https://www.cowinmotors.com/news/big-brand-tire-038-service-acquires-belle-tire-9f02e046","news","2026-07-19T01:01:46.598Z","Big Brand Tire &#038; Service Acquires Belle Tire - aftermarket parts sourcing note","https://www.aftermarketnews.com/big-brand-tire-service-announces-strategic-acquisition-of-belle-tire/","2026-07-16T13:52:45.000Z","253","","","noindex,follow","noindex-follow","Legacy external News retained for audit and editorial review; excluded from public lists and sitemap while noindex.","","Restore indexable flag and public visibility after editorial review.","system-audit"
"cowinmotors","https://www.cowinmotors.com/news/niterra-elevates-jeff-desveaux-to-lead-global-product-strategy-66b0180f","news","2026-07-19T01:01:46.536Z","Niterra Elevates Jeff Desveaux to Lead Global Product Strategy - aftermarket parts sourcing note","https://www.aftermarketnews.com/niterra-elevates-desveaux-to-lead-global-product-strategy/","2026-07-16T13:52:46.000Z","247","","","noindex,follow","noindex-follow","Legacy external News retained for audit and editorial review; excluded from public lists and sitemap while noindex.","","Restore indexable flag and public visibility after editorial review.","system-audit"
"cowinmotors","https://www.cowinmotors.com/news/gold-eagle-appoints-bill-long-to-advisory-board-0ddffae4","news","2026-07-19T01:01:46.426Z","Gold Eagle Appoints Bill Long to Advisory Board - aftermarket parts sourcing note","https://www.aftermarketnews.com/gold-eagle-appoints-bill-long-to-advisory-board/","2026-07-16T14:27:42.000Z","263","","","noindex,follow","noindex-follow","Legacy external News retained for audit and editorial review; excluded from public lists and sitemap while noindex.","","Restore indexable flag and public visibility after editorial review.","system-audit"
"cowinmotors","https://www.cowinmotors.com/news/state-collision-associations-announce-upcoming-conferences-2c580a9e","news","2026-07-18T01:00:47.021Z","State collision associations announce upcoming conferences - aftermarket parts sourcing note","https://www.repairerdrivennews.com/2026/07/17/heres-a-look-at-the-upcoming-conference-schedule-for-the-collision-industry/","2026-07-17T10:30:49.000Z","260","","","noindex,follow","noindex-follow","Legacy external News retained for audit and editorial review; excluded from public lists and sitemap while noindex.","","Restore indexable flag and public visibility after editorial review.","system-audit"
"cowinmotors","https://www.cowinmotors.com/news/distribution-update-advance-auto-parts-1623e2a0","news","2026-07-18T01:00:46.931Z","Distribution Update: Advance Auto Parts - aftermarket parts sourcing note","https://www.aftermarketnews.com/distribution-update-advance-auto-parts/","2026-07-17T11:00:00.000Z","238","","","noindex,follow","noindex-follow","Legacy external News retained for audit and editorial review; excluded from public lists and sitemap while noindex.","","Restore indexable flag and public visibility after editorial review.","system-audit"
"cowinmotors","https://www.cowinmotors.com/news/acc-names-ryan-boyer-as-inaugural-scholarship-recipient-e301cf09","news","2026-07-18T01:00:46.856Z","ACC Names Ryan Boyer as Inaugural Scholarship Recipient - aftermarket parts sourcing note","https://www.aftermarketnews.com/acc-inaugural-scholarship-recipient-ryan-boyer/","2026-07-17T12:28:52.000Z","237","","","noindex,follow","noindex-follow","Legacy external News retained for audit and editorial review; excluded from public lists and sitemap while noindex.","","Restore indexable flag and public visibility after editorial review.","system-audit"
"cowinmotors","https://www.cowinmotors.com/news/california-towing-bill-would-put-auto-body-shops-on-the-hook-for-fines-not-19e1bbf2","news","2026-07-18T01:00:46.688Z","California Towing Bill Would Put Auto Body Shops on the Hook for Fines, Not Just Tow Yards - aftermarket parts sourcing ","https://www.autobodynews.com/regional/midwest-regional-news/california-towing-bill-would-put-auto-body-shops-on-the-hook-for-fines-not-just-tow-yards","2026-07-17T15:36:30.000Z","242","","","noindex,follow","noindex-follow","Legacy external News retained for audit and editorial review; excluded from public lists and sitemap while noindex.","","Restore indexable flag and public visibility after editorial review.","system-audit"
"cowinmotors","https://www.cowinmotors.com/news/ntn-driveshaft-receives-gm-8216-supplier-quality-excellence-8217-award-0b117e93","news","2026-07-17T01:01:37.652Z","NTN Driveshaft Receives GM &#8216;Supplier Quality Excellence&#8217; Award - aftermarket parts sourcing note","https://www.aftermarketnews.com/ntn-driveshaft-receives-gm-supplier-quality-excellence-award/","2026-07-16T14:32:20.000Z","266","","","noindex,follow","noindex-follow","Legacy external News retained for audit and editorial review; excluded from public lists and sitemap while noindex.","","Restore indexable flag and public visibility after editorial review.","system-audit"
"cowinmotors","https://www.cowinmotors.com/news/auto-value-and-bumper-to-bumper-name-tech-of-the-year-champion-775b5c08","news","2026-07-17T01:01:37.571Z","Auto Value and Bumper to Bumper Name Tech of the Year Champion - aftermarket parts sourcing note","https://www.counterman.com/auto-value-and-bumper-to-bumper-name-tech-of-the-year-champion/","2026-07-16T15:24:06.000Z","260","","","noindex,follow","noindex-follow","Legacy external News retained for audit and editorial review; excluded from public lists and sitemap while noindex.","","Restore indexable flag and public visibility after editorial review.","system-audit"
"cowinmotors","https://www.cowinmotors.com/news/california-glass-bill-narrows-scope-as-it-advances-through-legislature-6ca80249","news","2026-07-17T01:01:37.335Z","California Glass Bill Narrows Scope as It Advances Through Legislature - aftermarket parts sourcing note","https://www.autobodynews.com/regional/midwest-regional-news/california-glass-bill-narrows-scope-as-it-advances-through-legislature","2026-07-16T20:42:44.000Z","220","","","noindex,follow","noindex-follow","Legacy external News retained for audit and editorial review; excluded from public lists and sitemap while noindex.","","Restore indexable flag and public visibility after editorial review.","system-audit"
"cowinmotors","https://www.cowinmotors.com/news/nearly-a-third-of-u-s-cities-shift-10-or-more-spots-in-allstate-s-2026-col-ae6531d1","news","2026-07-17T01:01:37.174Z","Nearly a Third of U.S. Cities Shift 10 or More Spots in Allstate's 2026 Collision Rankings - aftermarket parts sourcing ","https://www.autobodynews.com/regional/midwest-regional-news/nearly-a-third-of-u-s-cities-shift-10-or-more-spots-in-allstates-2026-collision-rankings","2026-07-16T22:58:07.000Z","240","","","noindex,follow","noindex-follow","Legacy external News retained for audit and editorial review; excluded from public lists and sitemap while noindex.","","Restore indexable flag and public visibility after editorial review.","system-audit"
"cowinmotors","https://www.cowinmotors.com/news/gear-group-acquires-adaptive-learning-provider-today-8217-s-class-04bbac44","news","2026-07-16T01:00:48.211Z","Gear Group acquires adaptive learning provider Today&#8217;s Class - aftermarket parts sourcing note","https://www.aftermarketmatters.com/mechanical-repair/mechanical-education-training/gear-group-acquires-adaptive-learning-provider-todays-class/","2026-07-15T20:05:31.000Z","278","","","noindex,follow","noindex-follow","Legacy external News retained for audit and editorial review; excluded from public lists and sitemap while noindex.","","Restore indexable flag and public visibility after editorial review.","system-audit"
"cowinmotors","https://www.cowinmotors.com/news/fixgo-expands-to-san-diego-county-with-20-new-tire-installation-partners-578f2a5b","news","2026-07-16T01:00:48.086Z","FixGo expands to San Diego County with 20 new tire installation partners - aftermarket parts sourcing note","https://www.aftermarketmatters.com/regions/southern-california/fixgo-expands-to-san-diego-county-with-20-new-tire-installation-partners/","2026-07-15T20:37:16.000Z","270","","","noindex,follow","noindex-follow","Legacy external News retained for audit and editorial review; excluded from public lists and sitemap while noindex.","","Restore indexable flag and public visibility after editorial review.","system-audit"
"cowinmotors","https://www.cowinmotors.com/news/repair-quality-why-systems-beat-talent-3b32e0dd","news","2026-07-16T01:00:46.844Z","Repair Quality: Why Systems Beat Talent - aftermarket parts sourcing note","https://www.autobodynews.com/regional/midwest-regional-news/repair-quality-why-systems-beat-talent","2026-07-15T21:28:43.000Z","236","","","noindex,follow","noindex-follow","Legacy external News retained for audit and editorial review; excluded from public lists and sitemap while noindex.","","Restore indexable flag and public visibility after editorial review.","system-audit"
"cowinmotors","https://www.cowinmotors.com/news/usmca-talks-and-tariff-expiration-converge-next-week-with-collision-parts--95118a23","news","2026-07-16T01:00:46.620Z","USMCA Talks and Tariff Expiration Converge Next Week With Collision Parts Pricing in Play - aftermarket parts sourcing n","https://www.autobodynews.com/regional/midwest-regional-news/usmca-talks-and-tariff-expiration-converge-next-week-with-collision-parts-pricing-in-play","2026-07-15T21:39:34.000Z","268","","","noindex,follow","noindex-follow","Legacy external News retained for audit and editorial review; excluded from public lists and sitemap while noindex.","","Restore indexable flag and public visibility after editorial review.","system-audit"
"cowinmotors","https://www.cowinmotors.com/news/july-legislative-update-california-bills-that-can-impact-auto-repair-67b5d405","news","2026-07-15T01:01:40.522Z","July Legislative Update: California bills that can impact auto repair - aftermarket parts sourcing note","https://www.aftermarketmatters.com/regions/northern-california/july-legislative-update-california-bills-that-can-impact-auto-repair-4/","2026-07-14T18:43:38.000Z","262","","","noindex,follow","noindex-follow","Legacy external News retained for audit and editorial review; excluded from public lists and sitemap while noindex.","","Restore indexable flag and public visibility after editorial review.","system-audit"
"cowinmotors","https://www.cowinmotors.com/news/texas-automotive-student-claims-fueling-the-future-scholarship-11192ba6","news","2026-07-15T01:01:40.391Z","Texas automotive student claims Fueling the Future scholarship - aftermarket parts sourcing note","https://www.aftermarketmatters.com/mechanical-repair/mechanical-education-training/texas-automotive-student-claims-fueling-the-future-scholarship/","2026-07-14T20:48:41.000Z","268","","","noindex,follow","noindex-follow","Legacy external News retained for audit and editorial review; excluded from public lists and sitemap while noindex.","","Restore indexable flag and public visibility after editorial review.","system-audit"
"cowinmotors","https://www.cowinmotors.com/news/tire-outlet-strengthens-central-florida-footprint-with-new-ocala-store-97c1c461","news","2026-07-15T01:01:40.258Z","Tire Outlet strengthens Central Florida footprint with new Ocala store - aftermarket parts sourcing note","https://www.aftermarketmatters.com/mechanical-repair/tire-outlet-strengthens-central-florida-footprint-with-new-ocala-store/","2026-07-14T21:33:51.000Z","279","","","noindex,follow","noindex-follow","Legacy external News retained for audit and editorial review; excluded from public lists and sitemap while noindex.","","Restore indexable flag and public visibility after editorial review.","system-audit"
"cowinmotors","https://www.cowinmotors.com/news/buyers-trade-down-to-cheaper-vehicles-as-new-car-prices-hold-below-50-000--31a376cd","news","2026-07-15T01:01:39.797Z","Buyers Trade Down to Cheaper Vehicles as New-Car Prices Hold Below $50,000 for Sixth Straight Month - aftermarket parts ","https://www.autobodynews.com/regional/midwest-regional-news/buyers-trade-down-to-cheaper-vehicles-as-new-car-prices-hold-below-50-000-for-sixth-straight-month","2026-07-14T22:35:24.000Z","246","","","noindex,follow","noindex-follow","Legacy external News retained for audit and editorial review; excluded from public lists and sitemap while noindex.","","Restore indexable flag and public visibility after editorial review.","system-audit"
"cowinmotors","https://www.cowinmotors.com/news/aapex-earns-high-marks-in-industry-tradeshow-rankings-bddcfb86","news","2026-07-14T01:01:00.795Z","AAPEX Earns High Marks in Industry Tradeshow Rankings - aftermarket parts sourcing note","https://www.aftermarketnews.com/aapex-earns-high-marks-in-industry-tradeshow-rankings/","2026-07-13T13:41:18.000Z","264","","","noindex,follow","noindex-follow","Legacy external News retained for audit and editorial review; excluded from public lists and sitemap while noindex.","","Restore indexable flag and public visibility after editorial review.","system-audit"
"cowinmotors","https://www.cowinmotors.com/news/fuel-summer-adventures-with-federated-contest-74709e74","news","2026-07-14T01:01:00.660Z","Fuel summer adventures with Federated contest - aftermarket parts sourcing note","https://www.aftermarketmatters.com/mechanical-repair/fuel-summer-adventures-with-federated-contest/","2026-07-13T14:50:48.000Z","265","","","noindex,follow","noindex-follow","Legacy external News retained for audit and editorial review; excluded from public lists and sitemap while noindex.","","Restore indexable flag and public visibility after editorial review.","system-audit"
"cowinmotors","https://www.cowinmotors.com/news/why-more-state-collision-repair-associations-are-investing-in-legislative--e8dda889","news","2026-07-14T01:01:00.363Z","Why More State Collision Repair Associations Are Investing in Legislative Advocacy - aftermarket parts sourcing note","https://www.autobodynews.com/regional/midwest-regional-news/why-more-state-collision-repair-associations-are-investing-in-legislative-advocacy","2026-07-13T19:06:28.000Z","257","","","noindex,follow","noindex-follow","Legacy external News retained for audit and editorial review; excluded from public lists and sitemap while noindex.","","Restore indexable flag and public visibility after editorial review.","system-audit"
"cowinmotors","https://www.cowinmotors.com/news/wholesale-used-vehicle-values-rise-2-1-in-june-a-slower-pace-than-earlier--bc668fff","news","2026-07-14T01:01:00.213Z","Wholesale Used-Vehicle Values Rise 2.1% in June, a Slower Pace Than Earlier in 2026 - aftermarket parts sourcing note","https://www.autobodynews.com/regional/midwest-regional-news/wholesale-used-vehicle-values-rise-2-1-in-june-a-slower-pace-than-earlier-in-2026","2026-07-13T19:26:19.000Z","235","","","noindex,follow","noindex-follow","Legacy external News retained for audit and editorial review; excluded from public lists and sitemap while noindex.","","Restore indexable flag and public visibility after editorial review.","system-audit"
"cowinmotors","https://www.cowinmotors.com/news/women-at-the-wheel-pepper-wilson-df77bef4","news","2026-07-13T01:01:13.970Z","Women at the Wheel: Pepper Wilson - aftermarket parts sourcing note","https://www.aftermarketnews.com/women-at-the-wheel-pepper-wilson/","2026-07-10T11:00:00.000Z","242","","","noindex,follow","noindex-follow","Legacy external News retained for audit and editorial review; excluded from public lists and sitemap while noindex.","","Restore indexable flag and public visibility after editorial review.","system-audit"
"cowinmotors","https://www.cowinmotors.com/news/challenges-of-geopolitical-risks-in-global-supply-chains-792e6675","news","2026-07-13T01:01:13.867Z","Challenges of Geopolitical Risks in Global Supply Chains - aftermarket parts sourcing note","https://www.aftermarketnews.com/challenges-of-geopolitical-risk-in-global-supply-chains/","2026-07-10T11:00:00.000Z","273","","","noindex,follow","noindex-follow","Legacy external News retained for audit and editorial review; excluded from public lists and sitemap while noindex.","","Restore indexable flag and public visibility after editorial review.","system-audit"
"cowinmotors","https://www.cowinmotors.com/news/secondary-air-pumps-explained-3ccb7a91","news","2026-07-13T01:01:13.778Z","Secondary Air Pumps Explained - aftermarket parts sourcing note","https://www.counterman.com/secondary-air-pumps-explained/","2026-07-10T11:10:00.000Z","257","","","noindex,follow","noindex-follow","Legacy external News retained for audit and editorial review; excluded from public lists and sitemap while noindex.","","Restore indexable flag and public visibility after editorial review.","system-audit"
"cowinmotors","https://www.cowinmotors.com/news/spring-compressors-require-safe-handling-c85d8d28","news","2026-07-13T01:01:13.660Z","Spring Compressors Require Safe Handling - aftermarket parts sourcing note","https://www.counterman.com/spring-compressors-require-safe-handling/","2026-07-10T11:15:00.000Z","257","","","noindex,follow","noindex-follow","Legacy external News retained for audit and editorial review; excluded from public lists and sitemap while noindex.","","Restore indexable flag and public visibility after editorial review.","system-audit"
"cowinmotors","https://www.cowinmotors.com/news/i-car-publishes-industry-best-practice-for-equipment-readiness-24491d19","news","2026-07-12T01:01:04.488Z","I-CAR Publishes Industry Best Practice for Equipment Readiness - aftermarket parts sourcing note","https://www.bodyshopbusiness.com/i-car-publishes-industry-best-practice-for-equipment-readiness/","2026-07-10T12:00:00.000Z","252","","","noindex,follow","noindex-follow","Legacy external News retained for audit and editorial review; excluded from public lists and sitemap while noindex.","","Restore indexable flag and public visibility after editorial review.","system-audit"
"cowinmotors","https://www.cowinmotors.com/news/mix-yang-uaf-award-fueling-the-future-scholarship-1f5ac624","news","2026-07-12T01:01:04.438Z","MiX, YANG, UAF Award Fueling the Future Scholarship - aftermarket parts sourcing note","https://www.aftermarketnews.com/fueling-the-future-scholarship-recipient-named/","2026-07-10T12:30:25.000Z","244","","","noindex,follow","noindex-follow","Legacy external News retained for audit and editorial review; excluded from public lists and sitemap while noindex.","","Restore indexable flag and public visibility after editorial review.","system-audit"
"cowinmotors","https://www.cowinmotors.com/news/where-are-we-going-03f6c457","news","2026-07-12T01:01:04.353Z","Where Are We Going? - aftermarket parts sourcing note","https://www.aftermarketnews.com/where-are-we-going/","2026-07-10T13:21:03.000Z","270","","","noindex,follow","noindex-follow","Legacy external News retained for audit and editorial review; excluded from public lists and sitemap while noindex.","","Restore indexable flag and public visibility after editorial review.","system-audit"
"cowinmotors","https://www.cowinmotors.com/news/bureau-of-automotive-repair-seeks-shop-input-on-airbag-regulatory-action-f1cbfbbb","news","2026-07-12T01:01:04.221Z","Bureau of Automotive Repair seeks shop input on airbag regulatory action - aftermarket parts sourcing note","https://www.aftermarketmatters.com/regions/northern-california/bureau-of-automotive-repair-seeks-shop-input-on-airbag-regulatory-action/","2026-07-11T12:39:56.000Z","277","","","noindex,follow","noindex-follow","Legacy external News retained for audit and editorial review; excluded from public lists and sitemap while noindex.","","Restore indexable flag and public visibility after editorial review.","system-audit"
"cowinmotors","https://www.cowinmotors.com/news/wai-global-expands-memphis-distribution-center-f0aff5fb","news","2026-07-11T01:00:52.012Z","WAI Global Expands Memphis Distribution Center - aftermarket parts sourcing note","https://www.counterman.com/wai-global-expands-memphis-distribution-center/","2026-07-10T14:04:18.000Z","250","","","noindex,follow","noindex-follow","Legacy external News retained for audit and editorial review; excluded from public lists and sitemap while noindex.","","Restore indexable flag and public visibility after editorial review.","system-audit"
"cowinmotors","https://www.cowinmotors.com/news/two-carstar-shops-earn-first-mini-certifications-in-network-26d67701","news","2026-07-11T01:00:51.873Z","Two CARSTAR Shops Earn First MINI Certifications in Network - aftermarket parts sourcing note","https://www.bodyshopbusiness.com/carstar-centreville-collision-center-and-carstar-empire-auto-group-lead-the-way-as-first-in-network-to-achieve-mini-oem-certification/","2026-07-10T16:00:00.000Z","254","","","noindex,follow","noindex-follow","Legacy external News retained for audit and editorial review; excluded from public lists and sitemap while noindex.","","Restore indexable flag and public visibility after editorial review.","system-audit"
"cowinmotors","https://www.cowinmotors.com/news/industry-roundup-central-states-collision-conference-announced-crash-champ-72d209d0","news","2026-07-11T01:00:51.617Z","Industry Roundup: Central States Collision Conference Announced, Crash Champions Graduates Apprentices - aftermarket par","https://www.autobodynews.com/regional/midwest-regional-news/industry-roundup-central-states-collision-conference-announced-crash-champions-graduates-apprentices","2026-07-10T20:41:09.000Z","260","","","noindex,follow","noindex-follow","Legacy external News retained for audit and editorial review; excluded from public lists and sitemap while noindex.","","Restore indexable flag and public visibility after editorial review.","system-audit"
"cowinmotors","https://www.cowinmotors.com/news/ase-education-foundation-gets-25m-federal-grant-to-fund-collision-repair-a-683b9c12","news","2026-07-11T01:00:51.454Z","ASE Education Foundation Gets $25M Federal Grant to Fund Collision Repair Apprenticeships - aftermarket parts sourcing n","https://www.autobodynews.com/regional/midwest-regional-news/ase-education-foundation-gets-25m-federal-grant-to-fund-collision-repair-apprenticeships","2026-07-10T21:10:18.000Z","243","","","noindex,follow","noindex-follow","Legacy external News retained for audit and editorial review; excluded from public lists and sitemap while noindex.","","Restore indexable flag and public visibility after editorial review.","system-audit"
"cowinmotors","https://www.cowinmotors.com/news/wai-global-expands-memphis-distribution-center-79fc529c","news","2026-07-10T01:00:54.143Z","WAI Global expands Memphis distribution center - aftermarket parts sourcing note","https://www.aftermarketmatters.com/mechanical-repair/wai-global-expands-memphis-distribution-center/","2026-07-09T22:23:28.000Z","241","","","noindex,follow","noindex-follow","Legacy external News retained for audit and editorial review; excluded from public lists and sitemap while noindex.","","Restore indexable flag and public visibility after editorial review.","system-audit"
"cowinmotors","https://www.cowinmotors.com/news/u-s-declines-to-renew-usmca-leaving-collision-parts-tariffs-unresolved-07cfc947","news","2026-07-10T01:00:53.951Z","U.S. Declines to Renew USMCA, Leaving Collision Parts Tariffs Unresolved - aftermarket parts sourcing note","https://www.autobodynews.com/regional/midwest-regional-news/u-s-declines-to-renew-usmca-leaving-collision-parts-tariffs-unresolved","2026-07-09T22:48:21.000Z","261","","","noindex,follow","noindex-follow","Legacy external News retained for audit and editorial review; excluded from public lists and sitemap while noindex.","","Restore indexable flag and public visibility after editorial review.","system-audit"
"cowinmotors","https://www.cowinmotors.com/news/eas-tire-038-auto-completes-state-wide-rebrand-9812ba4e","news","2026-07-10T01:00:53.865Z","EAS Tire &#038; Auto completes state-wide rebrand - aftermarket parts sourcing note","https://www.aftermarketmatters.com/regions/rocky-mountain/eas-tire-auto-completes-state-wide-rebrand/","2026-07-09T23:50:25.000Z","265","","","noindex,follow","noindex-follow","Legacy external News retained for audit and editorial review; excluded from public lists and sitemap while noindex.","","Restore indexable flag and public visibility after editorial review.","system-audit"
"cowinmotors","https://www.cowinmotors.com/news/silverlake-automotive-acquires-northwest-automotive-in-spokane-valley-8b629ff0","news","2026-07-10T01:00:53.724Z","Silverlake Automotive acquires Northwest Automotive in Spokane Valley - aftermarket parts sourcing note","https://www.aftermarketmatters.com/regions/northwest/silverlake-automotive-acquires-northwest-automotive-in-spokane-valley/","2026-07-10T00:18:44.000Z","256","","","noindex,follow","noindex-follow","Legacy external News retained for audit and editorial review; excluded from public lists and sitemap while noindex.","","Restore indexable flag and public visibility after editorial review.","system-audit"
"cowinmotors","https://www.cowinmotors.com/news/attorney-generals-across-u-s-tell-epa-they-oppose-delay-of-emissions-stand-8ebbda4a","news","2026-07-09T01:00:49.709Z","Attorney Generals across U.S. tell EPA they oppose delay of emissions standards - aftermarket parts sourcing note","https://www.aftermarketmatters.com/national-news/attorney-generals-across-u-s-tell-epa-they-oppose-delay-of-emissions-standards/","2026-07-08T15:21:39.000Z","262","","","noindex,follow","noindex-follow","Legacy external News retained for audit and editorial review; excluded from public lists and sitemap while noindex.","","Restore indexable flag and public visibility after editorial review.","system-audit"
"cowinmotors","https://www.cowinmotors.com/news/the-mccarthy-family-supports-uaf-as-lifetime-trustee-446ebf2c","news","2026-07-09T01:00:48.396Z","The McCarthy Family supports UAF as Lifetime Trustee - aftermarket parts sourcing note","https://www.aftermarketmatters.com/association-news/the-mccarthy-family-supports-uaf-as-lifetime-trustee/","2026-07-08T16:22:47.000Z","261","","","noindex,follow","noindex-follow","Legacy external News retained for audit and editorial review; excluded from public lists and sitemap while noindex.","","Restore indexable flag and public visibility after editorial review.","system-audit"
"cowinmotors","https://www.cowinmotors.com/news/ase-education-foundation-receives-25-million-for-apprenticeship-programs-e35a6581","news","2026-07-09T01:00:47.189Z","ASE Education Foundation receives $25 million for apprenticeship programs - aftermarket parts sourcing note","https://www.aftermarketmatters.com/collision-repair/collision-education-training/ase-education-foundation-receives-25-million-for-apprenticeship-programs/","2026-07-08T19:12:30.000Z","253","","","noindex,follow","noindex-follow","Legacy external News retained for audit and editorial review; excluded from public lists and sitemap while noindex.","","Restore indexable flag and public visibility after editorial review.","system-audit"
"cowinmotors","https://www.cowinmotors.com/news/gm-tops-q2-sales-as-hybrid-demand-lifts-toyota-honda-hyundai-kia-a40966fd","news","2026-07-09T01:00:46.971Z","GM Tops Q2 Sales as Hybrid Demand Lifts Toyota, Honda, Hyundai, Kia - aftermarket parts sourcing note","https://www.autobodynews.com/regional/midwest-regional-news/gm-tops-q2-sales-as-hybrid-demand-lifts-toyota-honda-hyundai-kia","2026-07-08T21:10:21.000Z","236","","","noindex,follow","noindex-follow","Legacy external News retained for audit and editorial review; excluded from public lists and sitemap while noindex.","","Restore indexable flag and public visibility after editorial review.","system-audit"
"cowinmotors","https://www.cowinmotors.com/news/trump-pardons-installers-of-delete-devices-in-violation-of-clean-air-act-f331d87d","news","2026-07-08T01:00:40.365Z","Trump pardons installers of ‘delete devices’ in violation of Clean Air Act - aftermarket parts sourcing note","https://www.aftermarketmatters.com/national-news/trump-pardons-installers-of-delete-devices-in-violation-of-clean-air-act/","2026-07-07T16:44:09.000Z","282","","","noindex,follow","noindex-follow","Legacy external News retained for audit and editorial review; excluded from public lists and sitemap while noindex.","","Restore indexable flag and public visibility after editorial review.","system-audit"
"cowinmotors","https://www.cowinmotors.com/news/federated-inducts-june-zhou-of-fcs-into-vendor-hall-of-fame-4394a6f9","news","2026-07-08T01:00:38.851Z","Federated inducts June Zhou of FCS into vendor hall of fame - aftermarket parts sourcing note","https://www.aftermarketmatters.com/mechanical-repair/federated-inducts-june-zhou-of-fcs-into-vendor-hall-of-fame/","2026-07-07T19:26:35.000Z","275","","","noindex,follow","noindex-follow","Legacy external News retained for audit and editorial review; excluded from public lists and sitemap while noindex.","","Restore indexable flag and public visibility after editorial review.","system-audit"
"cowinmotors","https://www.cowinmotors.com/news/genuine-parts-co-attracts-cash-bid-from-o-8217-reilly-for-napa-auto-parts--02e59de7","news","2026-07-08T01:00:37.357Z","Genuine Parts Co. attracts cash bid from O&#8217;Reilly for Napa Auto Parts division - aftermarket parts sourcing note","https://www.aftermarketmatters.com/national-news/genuine-parts-co-attracts-cash-bid-from-oreilly-for-napa-auto-parts-division/","2026-07-07T21:37:15.000Z","285","","","noindex,follow","noindex-follow","Legacy external News retained for audit and editorial review; excluded from public lists and sitemap while noindex.","","Restore indexable flag and public visibility after editorial review.","system-audit"
"cowinmotors","https://www.cowinmotors.com/news/spark-interactive-launches-direct-mail-intelligence-platform-for-repair-sh-4096b290","news","2026-07-08T01:00:37.232Z","Spark Interactive launches direct mail intelligence platform for repair shops - aftermarket parts sourcing note","https://www.aftermarketmatters.com/mechanical-repair/spark-interactive-launches-direct-mail-intelligence-platform-for-repair-shops/","2026-07-07T22:52:30.000Z","262","","","noindex,follow","noindex-follow","Legacy external News retained for audit and editorial review; excluded from public lists and sitemap while noindex.","","Restore indexable flag and public visibility after editorial review.","system-audit"
"cowinmotors","https://www.cowinmotors.com/news/daily-performance-exhaust-sourcing-checklist-2026-07-07-c5a727d5","news","2026-07-07T01:00:37.059Z","Daily performance exhaust sourcing checklist - 2026-07-07 - aftermarket parts sourcing note","https://www.cowinmotors.com/news?brief=2026-07-07-1","2026-07-07T01:00:37.028Z","253","","","noindex,follow","noindex-follow","Legacy external News retained for audit and editorial review; excluded from public lists and sitemap while noindex.","","Restore indexable flag and public visibility after editorial review.","system-audit"
"cowinmotors","https://www.cowinmotors.com/news/women-at-the-wheel-kelly-tisler-c800ba2c","news","2026-07-07T01:00:37.008Z","Women at the Wheel: Kelly Tisler - aftermarket parts sourcing note","https://www.aftermarketnews.com/women-at-the-wheel-kelly-tisler/","2026-07-06T11:00:00.000Z","233","","","noindex,follow","noindex-follow","Legacy external News retained for audit and editorial review; excluded from public lists and sitemap while noindex.","","Restore indexable flag and public visibility after editorial review.","system-audit"
"cowinmotors","https://www.cowinmotors.com/news/permanent-injunction-granted-in-favor-of-walker-products-ba3fc0ae","news","2026-07-07T01:00:36.957Z","Permanent Injunction Granted in Favor of Walker Products - aftermarket parts sourcing note","https://www.aftermarketnews.com/federal-court-grants-permanent-injunction-in-favor-of-walker-products/","2026-07-06T12:59:45.000Z","260","","","noindex,follow","noindex-follow","Legacy external News retained for audit and editorial review; excluded from public lists and sitemap while noindex.","","Restore indexable flag and public visibility after editorial review.","system-audit"
"cowinmotors","https://www.cowinmotors.com/news/smp-techstrong-form-manufacturing-joint-venture-9b054073","news","2026-07-07T01:00:36.874Z","SMP, Techstrong Form Manufacturing Joint Venture - aftermarket parts sourcing note","https://www.aftermarketnews.com/smp-techstrong-form-manufacturing-joint-venture/","2026-07-06T13:21:00.000Z","262","","","noindex,follow","noindex-follow","Legacy external News retained for audit and editorial review; excluded from public lists and sitemap while noindex.","","Restore indexable flag and public visibility after editorial review.","system-audit"
"cowinmotors","https://www.cowinmotors.com/news/daily-body-kit-and-exterior-parts-sourcing-checklist-2026-07-06-b63e58fe","news","2026-07-06T05:37:30.175Z","Daily body kit and exterior parts sourcing checklist - 2026-07-06 - aftermarket parts sourcing note","https://www.cowinmotors.com/news?brief=2026-07-06-7","2026-07-06T05:37:29.807Z","248","","","noindex,follow","noindex-follow","Legacy external News retained for audit and editorial review; excluded from public lists and sitemap while noindex.","","Restore indexable flag and public visibility after editorial review.","system-audit"
"cowinmotors","https://www.cowinmotors.com/news/daily-tail-light-replacement-sourcing-checklist-2026-07-06-db09d15d","news","2026-07-06T05:37:27.132Z","Daily tail light replacement sourcing checklist - 2026-07-06 - aftermarket parts sourcing note","https://www.cowinmotors.com/news?brief=2026-07-06-3","2026-07-06T05:37:26.645Z","266","","","noindex,follow","noindex-follow","Legacy external News retained for audit and editorial review; excluded from public lists and sitemap while noindex.","","Restore indexable flag and public visibility after editorial review.","system-audit"
"cowinmotors","https://www.cowinmotors.com/news/daily-aftermarket-wheel-fitment-sourcing-checklist-2026-07-06-2fae64cb","news","2026-07-06T05:37:25.277Z","Daily aftermarket wheel fitment sourcing checklist - 2026-07-06 - aftermarket parts sourcing note","https://www.cowinmotors.com/news?brief=2026-07-06-2","2026-07-06T05:37:24.845Z","251","","","noindex,follow","noindex-follow","Legacy external News retained for audit and editorial review; excluded from public lists and sitemap while noindex.","","Restore indexable flag and public visibility after editorial review.","system-audit"
"cowinmotors","https://www.cowinmotors.com/news/daily-led-headlight-fitment-sourcing-checklist-2026-07-06-11326815","news","2026-07-06T05:37:22.253Z","Daily LED headlight fitment sourcing checklist - 2026-07-06 - aftermarket parts sourcing note","https://www.cowinmotors.com/news?brief=2026-07-06-1","2026-07-06T05:37:21.892Z","254","","","noindex,follow","noindex-follow","Legacy external News retained for audit and editorial review; excluded from public lists and sitemap while noindex.","","Restore indexable flag and public visibility after editorial review.","system-audit"
"cowinmotors","https://www.cowinmotors.com/news/i-car-publishes-industry-best-practice-for-equipment-readiness-1c80e46b","news","2026-07-05T15:35:47.444Z","I-CAR publishes Industry Best Practice for Equipment Readiness - aftermarket parts sourcing note","https://www.aftermarketmatters.com/collision-repair/collision-education-training/i-car-publishes-industry-best-practice-for-equipment-readiness/","2026-07-02T20:08:37.000Z","267","","","noindex,follow","noindex-follow","Legacy external News retained for audit and editorial review; excluded from public lists and sitemap while noindex.","","Restore indexable flag and public visibility after editorial review.","system-audit"
